{"schemaVersion":"1.0","appDefinitionTemplate":{"id":"/providers/Microsoft.PowerApps/apps/","type":"Microsoft.PowerApps/apps","tags":{"minimumRequiredApiVersion":"2.2.0"},"properties":{"appVersion":"2019-09-10T20:34:52Z","lifeCycleId":"Published","createdByClientVersion":{"major":3,"minor":19084,"build":12,"revision":0,"majorRevision":0,"minorRevision":0},"minClientVersion":{"major":3,"minor":19084,"build":12,"revision":0,"majorRevision":0,"minorRevision":0},"backgroundColor":"rgba(0, 176, 240, 1)","backgroundImageUri":"/1905721424739791217/N0aa62edc-6132-4bca-9ed8-be87991ea472-logoSmallFile","displayName":"Mind The Wallet","description":"","commitMessage":"","appUris":{"documentUri":{"value":"/1905721424739791217/Nbeb920e2-5bfd-4cd8-a9df-cd06d419b128-document.msapp","readonlyValue":"/1905721424739791217/Nbeb920e2-5bfd-4cd8-a9df-cd06d419b128-document.msapp"},"imageUris":[]},"createdTime":"0001-01-01T00:00:00Z","lastModifiedTime":"0001-01-01T00:00:00Z","sharedGroupsCount":0,"sharedUsersCount":0,"icons":{"smallIconUri":"/1905721424739791217/N9ae13a96-9e17-49e4-b6fa-76f2e131791d-small.png","mediumIconUri":"/1905721424739791217/N88789f6b-64f9-4b6e-a0d0-528eb80d4290-medium.png","largeIconUri":"/1905721424739791217/Nc026b639-b56d-47b5-94ea-bce963fea7f8-large.png","wideIconUri":"/1905721424739791217/N35e0f2e5-3345-41c1-bd88-f18b4c8688db-wide.png"},"connectionReferences":{"bdccce4b-ad9c-4f88-9fa6-7aa906a6b4b4":{"id":"3f53ced7-a125-4c3e-88d2-4074c6e6c6f8","displayName":"Azure Blob Storage","iconUri":"https://connectoricons-prod.azureedge.net/azureblob/icon_1.0.1251.1700.png","dataSources":["AzureBlobStorage","AzureBlobStorage_1"],"dependencies":[],"dependents":[],"parameterHints":{},"isOnPremiseConnection":false,"sharedConnectionId":"84f15024-0c48-4a74-8cbb-ddf521f797c3","bypassConsent":false,"dataSets":{},"apiTier":"Standard","isCustomApiConnection":false},"1e31efcd-2a01-4816-ab45-7267d6cd6995":{"id":"a4161a09-98eb-40ab-aa30-3ef87e77639f","displayName":"SharePoint","iconUri":"https://connectoricons-prod.azureedge.net/sharepointonline/icon_1.0.1234.1648.png","dataSources":["ReceiptContent"],"dependencies":[],"dependents":[],"parameterHints":{},"isOnPremiseConnection":false,"bypassConsent":false,"dataSets":{"https://cognizantonline.sharepoint.com/sites/PowerAppContent":{"dataSources":{"ReceiptContent":{"tableName":"a23eb62f-ae06-4652-9f38-2116b9a4dedf"}}}},"apiTier":"Standard","isCustomApiConnection":false}},"databaseReferences":{"default.cds":{"databaseDetails":{"referenceType":"Environmental","environmentName":"default.cds"},"dataSources":{"43b0dc67-68af-47ae-9a9c-9e69d396ba3e":{"entitySetName":"msdyn_aimodels","logicalName":"msdyn_aimodel"},"List Value Mappings":{"entitySetName":"picklistmappings","logicalName":"picklistmapping"}}}},"almMode":"Environment"},"appComponents":[]}}